,City,Cloudiness,Humidity,Country,Date,Latitude,Longitude,Max Temperature,Wind Speed
0,Yerbogachën,83,87,RU,1585959573,61.28,108.01,30.76,14.16
1,Nikolskoye,90,74,RU,1585959767,59.7,30.79,33.8,11.18
2,Sola,100,87,VU,1585959767,-13.88,167.55,79.09,22.68
3,Cidreira,22,74,BR,1585959767,-30.18,-50.21,67.44,15.88
4,Saint-Pierre,90,94,RE,1585959767,-21.34,55.48,73.4,9.17
5,Qaanaaq,99,76,GL,1585959476,77.48,-69.36,7.03,2.98
6,Geraldton,95,26,AU,1585959768,-28.77,114.6,71.6,18.34
7,Banjar,20,89,ID,1585959768,-8.19,114.97,84.2,4.7
8,Mataura,97,72,NZ,1585959768,-46.19,168.86,64.99,3.0
9,Vaini,75,69,TO,1585959768,-21.2,-175.2,82.4,12.75
10,Fuling,100,76,CN,1585959769,29.7,107.39,53.35,1.86
11,Ushuaia,90,80,AR,1585959769,-54.8,-68.3,41.0,17.22
12,Airai,31,57,TL,1585959476,-8.93,125.41,68.34,2.01
13,Saint George,1,16,US,1585959576,37.1,-113.58,66.2,6.93
14,Gorkovskiy,13,83,RU,1585959769,45.65,41.2,39.69,2.3
15,Jamestown,90,65,US,1585959769,42.1,-79.24,44.6,8.05
16,Rikitea,3,77,PF,1585959770,-23.12,-134.97,77.47,14.43
17,Cape Town,75,100,ZA,1585959770,-33.93,18.42,59.0,4.7
18,Barrow,1,78,US,1585959501,71.29,-156.79,12.2,10.29
19,Udalguri,0,34,IN,1585959770,26.77,92.13,69.64,4.72
20,Sesheke,70,93,ZM,1585959770,-17.48,24.3,64.4,2.24
21,Hong Kong,40,94,HK,1585959700,22.29,114.16,69.01,8.05
22,Halifax,90,93,CA,1585959619,44.65,-63.57,43.0,20.8
23,Middelburg,100,56,ZA,1585959770,-25.78,29.46,55.2,6.11
24,São Filipe,8,67,CV,1585959475,14.9,-24.5,74.64,15.77
25,Bambous Virieux,75,94,MU,1585959505,-20.34,57.76,75.2,3.36
26,Houlton,90,74,US,1585959771,46.13,-67.84,37.4,16.11
27,Horadiz,90,100,AZ,1585959771,39.45,47.34,48.2,4.7
28,Kaitangata,98,68,NZ,1585959773,-46.28,169.85,62.06,7.2
29,Albany,90,76,US,1585959773,42.6,-73.97,50.0,6.93
30,Steinbach am Taunus,19,80,DE,1585959773,50.17,8.57,44.01,3.36
31,Saint Anthony,90,68,US,1585959774,45.02,-93.22,30.2,14.99
32,Lorengau,97,80,PG,1585959474,-2.02,147.27,81.73,10.98
33,Lompoc,4,55,US,1585959774,34.64,-120.46,70.0,14.99
34,Saint Paul Harbor,20,48,US,1585959774,57.79,-152.41,44.6,13.87
35,Beira,14,81,MZ,1585959774,-19.84,34.84,73.26,6.58
36,Kapaa,20,69,US,1585959774,22.08,-159.32,80.6,9.17
37,Hithadhoo,57,75,MV,1585959774,-0.6,73.08,83.21,7.49
38,Itarema,100,87,BR,1585959774,-2.92,-39.92,78.82,5.77
39,Hearst,100,89,CA,1585959988,49.68,-83.67,33.28,4.41
40,Hanzhong,100,61,CN,1585959774,33.07,107.03,50.67,1.39
41,Birao,7,15,CF,1585959775,10.28,22.79,81.61,5.03
42,Katherine,74,62,AU,1585959775,-14.47,132.27,87.8,8.05
43,Marmaris,75,87,TR,1585959775,36.85,28.27,59.0,4.7
44,Dikson,83,93,RU,1585959775,73.51,80.55,5.04,18.97
45,Sitka,90,87,US,1585959481,57.05,-135.33,35.6,8.05
46,Tandil,0,77,AR,1585959776,-37.32,-59.13,55.99,5.68
47,Tiznit Province,35,42,MA,1585959776,29.58,-9.5,60.15,2.89
48,Kandrian,76,78,PG,1585959776,-6.22,149.55,83.43,5.88
49,Lebu,67,84,CL,1585959776,-37.62,-73.65,58.17,7.61
50,Karratha,53,44,AU,1585959574,-20.74,116.85,85.6,18.19
51,Hobart,90,82,AU,1585959598,-42.88,147.33,57.99,5.82
52,Kagoro,93,50,NG,1585959778,9.6,8.38,77.18,3.49
53,Broome,90,86,US,1585959778,42.25,-75.83,44.01,12.75
54,Colomi,40,52,BO,1585959778,-17.35,-65.87,66.2,6.93
55,Punta Arenas,40,73,CL,1585959778,-53.15,-70.92,41.0,23.04
56,Eenhana,91,83,NA,1585959778,-17.47,16.33,69.8,2.24
57,Busselton,5,73,AU,1585959778,-33.65,115.33,55.0,4.0
58,Santa Barbara,1,59,US,1585959778,34.42,-119.7,69.01,11.41
59,Touros,40,94,BR,1585959483,-5.2,-35.46,78.8,4.7
60,Bethel,90,76,US,1585959779,41.37,-73.41,52.0,20.8
61,Provideniya,100,96,RU,1585959779,64.38,-173.3,24.58,14.5
62,Simpang,27,85,ID,1585959779,-1.27,104.08,80.01,2.98
63,Longyearbyen,75,64,SJ,1585959779,78.22,15.64,-0.4,19.46
64,Narsaq,0,45,GL,1585959499,60.92,-46.05,26.6,8.05
65,Tasiilaq,100,53,GL,1585959780,65.61,-37.64,21.2,26.4
66,Mayo,90,54,US,1585959570,38.89,-76.51,59.0,14.99
67,Verkhnyaya Sinyachikha,0,96,RU,1585959780,57.98,61.67,30.15,5.82
68,New Norfolk,90,82,AU,1585959780,-42.78,147.06,57.99,5.82
69,Saint-Philippe,90,94,RE,1585959780,-21.36,55.77,73.4,9.17
70,Roebourne,46,40,AU,1585959780,-20.78,117.13,85.69,19.06
71,Upernavik,0,79,GL,1585959781,72.79,-56.15,7.52,11.68
72,Haradok,26,74,BY,1585959781,55.46,29.98,33.8,8.95
73,Severo-Kuril'sk,89,93,RU,1585959781,50.68,156.12,31.5,12.84
74,Santiago del Estero,6,51,AR,1585959781,-27.8,-64.26,64.38,6.11
75,Plomari,40,87,GR,1585959781,38.98,26.37,51.8,3.94
76,Pierre,1,53,US,1585959617,44.37,-100.35,24.8,4.7
77,Murgab,40,67,TM,1585959781,37.5,61.97,62.6,6.93
78,Helong,33,75,CN,1585959781,42.54,129.0,28.15,20.24
79,Inírida,100,94,CO,1585959781,3.87,-67.92,76.24,0.92
80,Saskylakh,100,98,RU,1585959782,71.92,114.08,28.53,10.63
81,Mar del Plata,1,77,AR,1585959731,-38.0,-57.56,64.0,4.7
82,George Town,20,94,MY,1585959782,5.41,100.34,80.6,4.97
83,Independence,90,92,US,1585959782,39.09,-94.42,33.01,12.75
84,Bougouni,8,14,ML,1585959782,11.42,-7.48,86.47,2.28
85,Ribeira Grande,86,85,PT,1585959782,38.52,-28.7,60.93,32.14
86,Lagunas,53,80,PE,1585959782,-5.23,-75.68,77.77,2.1
87,Atuona,97,79,PF,1585959782,-9.8,-139.03,81.48,12.46
88,Castro,0,50,BR,1585959782,-24.79,-50.01,55.29,6.35
89,Khatanga,100,92,RU,1585959782,71.97,102.5,6.87,16.53
90,Puerto Ayora,75,83,EC,1585959782,-0.74,-90.35,81.0,10.29
91,Bredasdorp,52,93,ZA,1585959783,-34.53,20.04,57.2,3.36
92,Kalmunai,26,80,LK,1585959485,7.42,81.82,79.2,2.17
93,Tougan,0,11,BF,1585959783,13.07,-3.07,90.05,4.85
94,Codrington,99,72,AU,1585959783,-38.27,141.97,53.53,22.28
95,Canavieiras,0,83,BR,1585959783,-15.68,-38.95,79.63,8.81
96,Arraial do Cabo,75,83,BR,1585959784,-22.97,-42.03,77.0,11.41
97,Mahébourg,75,94,MU,1585959784,-20.41,57.7,75.2,3.36
98,Thompson,90,85,CA,1585959784,55.74,-97.86,24.8,5.82
99,Sharkan,46,93,RU,1585959784,57.3,53.87,31.14,8.41
100,Hilo,1,65,US,1585959759,19.73,-155.09,82.4,17.22
101,Walvis Bay,0,93,NA,1585959784,-22.96,14.51,60.01,4.7
102,Nikki,29,46,BJ,1585959784,9.94,3.21,85.77,9.86
103,Chui,3,79,UY,1585959784,-33.7,-53.46,62.13,7.9
104,Harper,100,84,LR,1585959784,4.38,-7.72,81.19,4.99
105,Leningradskiy,44,89,RU,1585959785,69.38,178.42,5.74,10.02
106,Muscat,0,73,OM,1585959643,23.61,58.59,77.0,1.12
107,Chumikan,91,87,RU,1585959785,54.72,135.31,23.38,5.97
108,Maracaibo,63,75,VE,1585959785,10.63,-71.64,81.77,13.11
109,Bathsheba,20,78,BB,1585959785,13.22,-59.52,80.6,16.11
110,Lagoa,93,81,PT,1585959785,39.05,-27.98,60.87,32.91
111,Husavik,90,79,IS,1585959785,66.04,-17.34,19.4,9.17
112,Tuatapere,83,73,NZ,1585959490,-46.13,167.68,64.0,3.0
113,Eydhafushi,39,64,MV,1585959785,5.1,73.07,83.82,7.87
114,Mastic Beach,90,71,US,1585959786,40.77,-72.85,51.8,12.75
115,Hay River,75,55,CA,1585959786,60.82,-115.8,6.8,9.17
116,Youghal,75,87,IE,1585959786,51.95,-7.85,46.99,4.7
117,Blagodatnoye,2,100,RU,1585959786,45.4,42.59,33.8,6.71
118,Portland,90,57,US,1585959745,45.52,-122.68,50.0,5.79
119,Matara,40,83,LK,1585959511,5.95,80.54,75.99,5.21
120,Tura,0,34,IN,1585959786,25.52,90.22,65.46,3.71
121,Mariental,6,39,NA,1585959787,-24.63,17.97,72.64,17.09
122,São João da Barra,35,86,BR,1585959489,-21.64,-41.05,75.81,18.21
123,Lüderitz,0,87,NA,1585959512,-26.65,15.16,59.0,2.24
124,Mount Hagen,40,73,PG,1585959787,-5.86,144.23,71.6,11.41
125,Hermanus,23,94,ZA,1585959787,-34.42,19.23,57.0,6.69
126,Bluff,100,72,NZ,1585959787,-46.6,168.33,64.99,3.0
127,Soe,0,71,ID,1585959787,-9.86,124.28,73.04,1.23
128,Hamilton,1,34,US,1585959788,39.18,-84.53,64.4,0.92
129,Charters Towers,1,53,AU,1585959788,-20.1,146.27,80.67,7.65
130,Flinders,81,46,AU,1585959652,-34.58,150.86,75.0,17.22
131,Eyl,43,72,SO,1585959788,7.98,49.82,80.46,10.83
132,Vao,100,77,NC,1585959788,-22.67,167.48,76.98,20.51
133,Cayhagan,1,71,PH,1585959788,9.67,122.43,82.76,13.44
134,Kruisfontein,0,48,ZA,1585959788,-34.0,24.73,71.73,8.34
135,Dryden,90,79,CA,1585959788,49.78,-92.75,19.4,14.99
136,Slavyanka,39,75,RU,1585959788,42.86,131.38,35.26,19.48
137,Laurel,90,54,US,1585959788,39.1,-76.85,60.01,6.93
138,Levokumskoye,25,88,RU,1585959789,44.82,44.66,38.89,5.12
139,Kiryat Gat,30,67,IL,1585959604,31.61,34.76,60.01,2.24
140,East London,30,60,ZA,1585959789,-33.02,27.91,72.39,10.18
141,Estevan,1,53,CA,1585959789,49.13,-102.98,28.4,5.82
142,Guozhen,97,39,CN,1585959789,34.37,107.36,51.48,1.57
143,Nemuro,75,38,JP,1585959565,43.32,145.57,42.8,10.29
144,Lambontong,20,55,PH,1585959789,6.31,124.81,86.0,9.17
145,Pitimbu,40,94,BR,1585959790,-7.47,-34.81,78.8,4.7
146,Mahmudābād,0,67,IN,1585959790,27.3,81.12,62.6,3.36
147,Yellowknife,40,64,CA,1585959790,62.46,-114.35,3.0,18.34
148,San Cristobal,20,66,VE,1585959790,7.77,-72.22,84.2,9.17
149,Korla,100,31,CN,1585959552,41.76,86.15,49.1,1.66
150,Bengkulu,31,80,ID,1585959790,-3.8,102.27,78.87,4.34
151,Pevek,100,92,RU,1585959791,69.7,170.31,0.36,11.36
152,Kanniyākumāri,1,73,IN,1585959791,8.08,77.57,80.26,4.56
153,Padang,97,78,ID,1585959537,-0.95,100.35,78.66,4.7
154,Avarua,90,84,CK,1585959791,-21.21,-159.78,86.0,12.75
155,Cherskiy,99,89,RU,1585959791,68.75,161.3,-2.52,5.84
156,Ponta do Sol,40,82,PT,1585959791,32.67,-17.1,62.6,4.7
157,Avera,1,49,US,1585959791,33.19,-82.53,77.0,3.36
158,La Providencia,99,32,MX,1585959792,28.72,-111.58,82.0,7.0
159,Pringsewu,98,86,ID,1585959792,-5.36,104.97,77.23,0.63
160,Port Alfred,25,63,ZA,1585959792,-33.59,26.89,74.44,7.47
161,Ilulissat,30,50,GL,1585959792,69.22,-51.1,8.6,6.93
162,Lata,11,87,PT,1585959792,40.16,-8.33,57.0,3.36
163,Vytegra,100,88,RU,1585959793,61.01,36.45,33.76,12.66
164,Hofn,97,87,IS,1585959537,64.25,-15.21,21.29,18.16
165,Pacific Grove,40,62,US,1585959793,36.62,-121.92,64.99,13.87
166,Port Elizabeth,0,88,ZA,1585960146,-33.92,25.57,64.4,2.24
167,Goderich,21,85,CA,1585960149,43.75,-81.72,45.0,9.84
168,Anloga,20,88,GH,1585959555,5.79,0.9,82.4,9.17
169,Kirakira,99,76,SB,1585960151,-10.45,161.92,84.22,15.55
170,Khandyga,97,94,RU,1585959794,62.67,135.6,12.0,4.68
171,Cosalá,5,46,MX,1585959794,24.41,-106.69,79.0,4.0
172,Saint-Paul,18,94,RE,1585959794,-21.01,55.27,73.4,4.7
173,Cascais,91,71,PT,1585959794,38.7,-9.42,55.99,3.36
174,Pisco,23,83,PE,1585959795,-13.7,-76.22,69.8,12.75
175,Half Moon Bay,20,71,US,1585959795,37.46,-122.43,66.0,23.04
176,Umm Kaddadah,2,11,SD,1585959795,13.6,26.69,81.95,16.22
177,Vestmannaeyjar,100,89,IS,1585959795,63.44,-20.27,30.56,26.11
178,Butaritari,43,74,KI,1585959795,3.07,172.79,83.48,8.84
179,Marsh Harbour,0,57,BS,1585959796,26.54,-77.06,72.18,10.54
180,Kavieng,96,82,PG,1585959796,-2.57,150.8,81.21,12.37
181,Noumea,90,62,NC,1585959775,-22.28,166.46,86.0,5.82
182,Bilma,0,13,NE,1585959664,18.69,12.92,86.2,7.05
183,Comodoro Rivadavia,51,36,AR,1585959796,-45.87,-67.5,64.4,25.28
184,São Gabriel da Cachoeira,100,89,BR,1585959796,-0.13,-67.09,77.05,0.78
185,Mmabatho,100,61,ZA,1585959796,-25.85,25.63,57.25,6.73
186,Fortuna,1,57,US,1585959797,40.6,-124.16,54.0,10.29
187,Acapulco de Juárez,20,70,MX,1585959797,16.86,-99.89,84.2,6.93
188,Ndélé,50,65,CF,1585959797,8.41,20.65,75.42,5.19
189,Caniço,40,82,PT,1585959797,32.63,-16.85,64.4,4.7
190,Kintinku,92,72,TZ,1585959797,-5.88,35.23,66.76,0.94
191,Aklavik,40,43,CA,1585959798,68.22,-135.01,15.8,5.82
192,College,90,69,US,1585959653,64.86,-147.8,36.0,9.17
193,Tuktoyaktuk,40,65,CA,1585959798,69.45,-133.04,5.0,9.17
194,Spornoye,0,32,RU,1585960182,50.84,37.29,41.0,11.18
195,Victor Harbor,75,55,AU,1585959798,-35.57,138.62,62.6,24.16
196,Buala,99,76,SB,1585959798,-8.14,159.59,82.89,10.85
197,Cap Malheureux,75,94,MU,1585959798,-19.98,57.61,75.2,3.36
198,Bud,40,48,US,1585959798,39.45,-86.18,66.99,2.82
199,Roald,100,83,NO,1585959559,62.58,6.13,33.01,17.22
200,Pangody,85,96,RU,1585959798,65.85,74.49,26.73,16.96
201,Elizabeth City,1,41,US,1585959595,36.29,-76.25,61.0,11.41
202,Souillac,75,94,MU,1585959798,-20.52,57.52,75.2,3.36
203,Kütahya,82,93,TR,1585959799,39.42,29.98,35.6,6.93
204,Mandera,80,9,KE,1585959580,3.94,41.87,84.99,3.0
205,Zhigansk,100,94,RU,1585959799,66.77,123.37,15.37,31.12
206,Chokurdakh,56,89,RU,1585959799,70.63,147.92,-11.56,4.99
207,Kumul,100,25,CN,1585959799,42.8,93.45,50.72,7.0
208,Oktyabr'skiy,4,89,RU,1585959799,54.48,53.47,29.57,3.29
209,Udachny,90,92,RU,1585959799,66.42,112.4,23.0,8.95
210,Savannah Bight,0,77,HN,1585959799,16.45,-85.85,80.47,21.23
211,Zhengjiatun,0,62,CN,1585959800,43.51,123.51,34.25,20.31
212,Plettenberg Bay,4,50,ZA,1585959800,-34.05,23.37,72.25,3.98
213,Adrar,0,15,MR,1585959800,20.5,-10.07,76.01,6.26
214,Nouadhibou,0,88,MR,1585959800,20.93,-17.03,64.4,8.05
215,Yeniseysk,2,96,RU,1585959800,58.45,92.17,26.24,4.03
216,Havelock,1,23,US,1585959687,34.88,-76.9,64.4,5.82
217,Yacuiba,20,53,BO,1585959800,-22.04,-63.68,60.35,0.89
218,Yar-Sale,79,96,RU,1585959800,66.83,70.83,28.87,19.48
219,Anadyr,40,84,RU,1585959800,64.75,177.48,-0.4,13.42
220,Nome,90,92,US,1585959801,64.5,-165.41,32.0,10.29
221,Abaeté,100,74,BR,1585959801,-19.16,-45.45,72.03,4.16
222,Yelizovo,77,24,RU,1585959801,53.19,158.38,35.6,8.95
223,Torbay,90,100,CA,1585959801,47.67,-52.73,30.99,17.22
224,Christchurch,77,63,NZ,1585959771,-43.53,172.63,64.0,20.8
225,Canberra,66,81,AU,1585959509,-35.28,149.13,57.99,7.0
226,Mae Hong Son,20,64,TH,1585959780,19.3,97.97,69.8,1.14
227,Hede,43,59,CN,1585959801,33.77,120.25,53.78,8.39
228,Gua Musang,94,89,MY,1585959801,4.88,101.96,74.23,0.65
229,Hellvik,40,100,NO,1585959801,59.92,5.78,34.0,12.75
230,Alofi,100,88,NU,1585959801,-19.06,-169.92,78.8,9.17
231,Beyneu,98,77,KZ,1585959802,45.32,55.2,44.65,15.32
232,Kupang,20,83,ID,1585959802,-10.17,123.58,84.2,4.7
233,Baturaja,97,92,ID,1585959802,-4.13,104.17,75.97,1.43
234,Takoradze,72,86,GH,1585959802,4.88,-1.76,80.94,7.36
235,Verkhoyansk,8,85,RU,1585959802,67.54,133.38,4.01,5.14
236,Berovo,100,79,MK,1585959802,41.7,22.86,46.99,1.01
237,Erzin,20,87,TR,1585959802,36.96,36.2,51.8,4.7
238,Canutama,34,82,BR,1585959803,-6.53,-64.38,78.35,1.01
239,Mayor Pablo Lagerenza,0,39,PY,1585959803,-19.93,-60.77,71.8,4.85
240,Presidencia Roque Sáenz Peña,1,55,AR,1585959803,-26.79,-60.44,61.36,2.39
241,Annonay,5,75,FR,1585959803,45.24,4.67,48.2,2.24
242,Bereda,0,87,ES,1585959803,43.27,-7.54,48.99,4.7
243,Atherton,96,81,GB,1585959803,53.52,-2.49,48.0,3.36
244,Yulara,0,48,AU,1585959803,-25.24,130.99,64.4,17.22
245,Dicabisagan,4,68,PH,1585959804,17.08,122.42,80.04,2.91
246,Comarapa,51,59,BO,1585959786,-17.9,-64.48,57.87,2.53
247,‘Āhuimanu,40,58,US,1585959804,21.44,-157.84,84.2,10.29
248,Klaksvík,90,63,FO,1585959804,62.23,-6.59,28.4,9.73
249,Hasaki,20,63,JP,1585959804,35.73,140.83,61.0,5.82
250,Ippy,100,70,CF,1585959804,6.27,21.22,72.61,4.65
251,Sapele,95,90,NG,1585959804,5.89,5.68,79.92,3.0
252,Haapiti,2,70,PF,1585959805,-17.57,-149.87,87.8,14.99
253,Falkenberg,0,69,SE,1585959805,56.91,12.49,37.99,13.87
254,Hastings,31,100,GB,1585959639,50.86,0.57,45.0,6.93
255,Arman',26,84,RU,1585959805,59.7,150.17,19.09,2.21
256,Palu,94,67,ID,1585959805,-0.89,119.87,83.14,1.92
257,Samarai,63,77,PG,1585959805,-10.62,150.67,81.37,11.86
258,Doka,20,30,SD,1585959806,13.52,35.77,77.65,9.73
259,Svetlaya,100,81,RU,1585959806,46.54,138.33,36.43,14.2
260,Honningsvåg,83,79,NO,1585959806,70.98,25.97,19.4,17.22
261,Milford,90,71,US,1585959740,41.22,-73.06,51.8,14.99
262,Benjamin Constant,75,100,BR,1585959806,-4.38,-70.03,77.0,6.93
263,Lagos,40,83,NG,1585959650,6.58,3.75,82.4,5.82
264,Mīnāb,0,88,IR,1585959806,27.15,57.08,68.0,4.7
265,Amboise,6,81,FR,1585959790,47.41,0.98,48.2,4.7
266,Bugko,2,81,PH,1585959806,12.54,124.79,80.65,8.97
267,Brae,100,86,GB,1585959516,60.4,-1.35,32.0,4.47
268,Juneau,90,80,US,1585959538,58.3,-134.42,30.2,13.87
269,Baruun-Urt,0,39,MN,1585959807,46.68,113.28,33.87,11.03
270,Carnarvon,100,69,AU,1585959807,-24.87,113.63,73.4,11.41
271,Tsuruoka,0,41,JP,1585959807,38.72,139.82,57.2,6.93
272,Ostrovnoy,75,96,RU,1585959807,68.05,39.51,24.3,19.46
273,Vincennes,20,70,FR,1585959732,48.85,2.43,48.99,4.7
274,Clyde River,1,84,CA,1585959807,70.47,-68.59,3.2,21.92
275,Deputatsky,3,82,RU,1585959807,69.3,139.9,-4.27,3.02
276,Bundaberg,69,58,AU,1585959761,-24.85,152.35,82.4,12.75
277,Fort Smith,90,93,US,1585959598,35.39,-94.4,44.01,11.41
278,Libreville,75,94,GA,1585959700,0.39,9.45,78.8,6.93
279,Lundamo,100,74,NO,1585959808,63.13,10.3,30.2,18.34
280,Marawi,5,62,PH,1585959808,8.0,124.29,76.5,1.36
281,Faya,1,72,SA,1585959808,18.39,42.45,62.6,1.86
282,La Serena,40,87,CL,1585959597,-29.91,-71.25,59.0,6.93
283,Redmond,90,61,US,1585959637,47.67,-122.12,48.2,5.82
284,Rio Piracicaba,89,71,BR,1585959808,-19.93,-43.17,71.46,4.79
285,Erenhot,0,40,CN,1585959809,43.65,111.98,36.73,12.1
286,Oodweyne,29,43,SO,1585960299,9.41,45.06,75.31,7.45
287,Caravelas,4,87,BR,1585959809,-17.71,-39.25,80.42,16.44
288,Sungai Penuh,86,71,ID,1585959809,-2.08,101.38,66.92,2.13
289,West Bay,20,78,KY,1585959809,19.37,-81.42,81.0,3.36
290,Ancud,75,81,CL,1585959809,-41.87,-73.82,50.0,5.82
291,Sambava,49,86,MG,1585959809,-14.27,50.17,75.42,8.93
292,Kenai,1,74,US,1585959761,60.55,-151.26,37.4,5.82
293,Fort Nelson,75,32,CA,1585959809,58.81,-122.7,24.8,6.93
294,Faanui,45,71,PF,1585959809,-16.48,-151.75,83.52,8.75
295,General Roca,0,72,AR,1585959809,-39.03,-67.58,62.6,8.41
296,Mtsensk,71,80,RU,1585959810,53.28,36.57,39.24,7.16
297,Santa Isabel,40,63,BR,1585959810,-23.32,-46.22,68.0,3.36
298,Staraya Kulatka,89,68,RU,1585959810,52.72,47.62,39.2,5.5
299,Tabou,100,87,CI,1585959810,4.42,-7.35,80.29,4.9
300,Alta Floresta,57,81,BR,1585959810,-9.88,-56.09,76.28,2.8
301,Norman Wells,75,66,CA,1585959810,65.28,-126.83,10.4,5.82
302,Namatanai,85,75,PG,1585959810,-3.67,152.43,82.27,6.64
303,Cockburn Town,1,72,TC,1585959810,21.46,-71.14,75.67,13.0
304,Pochutla,5,66,MX,1585959810,15.74,-96.47,86.0,11.41
305,Liverpool,88,81,GB,1585959811,53.41,-2.98,48.0,3.36
306,New Albany,1,59,US,1585959810,38.29,-85.82,69.01,1.81
307,Tigil',3,89,RU,1585959811,57.8,158.67,17.22,13.2
308,High Level,75,41,CA,1585959811,58.52,-117.14,21.2,10.29
309,Dudinka,76,84,RU,1585959811,69.41,86.18,8.6,20.13
310,Castel San Pietro Terme,0,70,IT,1585959811,44.4,11.58,45.0,5.82
311,Selma,48,31,US,1585959811,36.57,-119.61,70.0,6.93
312,Bembibre,5,86,ES,1585959811,42.62,-6.42,46.0,5.82
313,Coquimbo,40,87,CL,1585959812,-29.95,-71.34,59.0,6.93
314,Iqaluit,5,69,CA,1585959812,63.75,-68.51,-9.0,25.28
315,Islamkot,0,28,PK,1585959812,24.7,70.18,78.21,4.76
316,Mallāpuram,3,72,IN,1585959812,11.97,78.25,66.74,1.54
317,St. George's,20,83,GD,1585959812,12.06,-61.75,80.6,17.22
318,Surab,58,28,PK,1585959812,28.49,66.26,57.42,5.61
319,Port-Gentil,83,84,GA,1585959812,-0.72,8.78,82.47,12.93
320,Dalnegorsk,100,81,RU,1585959813,44.56,135.57,34.5,7.83
321,Owerri,91,90,NG,1585959813,5.48,7.03,78.82,3.56
322,Laguna,1,19,US,1585959813,38.42,-121.42,69.01,4.7
323,Tamiahua,7,85,MX,1585959813,21.27,-97.45,80.17,10.29
324,Marabá,90,94,BR,1585959813,-5.37,-49.12,78.8,4.7
325,Otofuke,40,60,JP,1585959814,42.99,143.2,39.2,1.12
326,Kahului,1,51,US,1585959814,20.89,-156.47,84.2,10.29
327,Labuhan,57,80,ID,1585959814,-6.88,112.21,81.39,3.91
328,Luwuk,77,68,ID,1585959814,-0.95,122.79,82.81,1.63
329,Hareid,100,88,NO,1585959814,62.37,6.03,33.01,17.22
330,Atar,0,20,MR,1585959815,20.52,-13.05,72.03,4.41
331,Esperance,90,55,AU,1585959815,-33.87,121.9,60.8,6.93
332,Sur,1,59,OM,1585959815,22.57,59.53,79.65,4.5
333,Port Blair,18,72,IN,1585959815,11.67,92.75,81.88,7.72
334,Sakakah,14,26,SA,1585959815,29.97,40.21,60.8,3.36
335,Sabang,94,78,ID,1585959816,5.89,95.32,83.12,12.08
336,Havøysund,40,79,NO,1585959816,71.0,24.66,24.8,35.57
337,Alyangula,13,74,AU,1585959816,-13.85,136.42,86.0,10.29
338,Richards Bay,100,80,ZA,1585959816,-28.78,32.04,71.15,14.29
339,Akdepe,12,81,TM,1585959816,42.06,59.38,48.2,6.93
340,Yershov,0,68,RU,1585959816,51.35,48.28,39.16,6.24
341,Porto Santo,40,93,PT,1585959816,33.07,-16.34,64.4,12.75
342,Santa Cruz de la Sierra,75,69,BO,1585959615,-17.8,-63.17,73.4,5.82
343,Andenes,78,92,NO,1585959817,69.31,16.12,26.01,1.12
344,Ukiah,1,41,US,1585960374,39.15,-123.21,64.99,10.29
345,Nyurba,100,95,RU,1585959817,63.28,118.33,21.94,11.27
346,Otavi,13,57,NA,1585960377,-19.65,17.33,62.29,5.46
347,Kembé,99,84,CF,1585959817,4.62,21.89,71.6,4.94
348,Qasigiannguit,65,50,GL,1585959817,68.82,-51.19,8.6,6.93
349,Aswān,33,32,EG,1585960380,24.09,32.91,69.87,6.58
350,Termez,63,54,UZ,1585959818,37.22,67.28,59.0,9.17
351,Lakatoro,90,83,VU,1585959818,-16.1,167.42,80.6,10.29
352,Vila Franca do Campo,40,87,PT,1585959818,37.72,-25.43,60.8,24.16
353,Puerto Escondido,5,79,MX,1585959818,15.85,-97.07,84.2,13.87
354,Mundi,9,18,IN,1585959818,22.07,76.5,78.66,10.67
355,Sibolga,100,79,ID,1585959818,1.74,98.78,78.28,3.02
356,Sisimiut,88,90,GL,1585959818,66.94,-53.67,8.35,12.44
357,Nishihara,90,93,JP,1585959818,26.18,127.76,68.0,6.93
358,Łęczna,9,64,PL,1585959819,51.3,22.88,35.01,4.7
359,Omboué,85,87,GA,1585959819,-1.57,9.26,80.04,9.4
360,Majene,100,74,ID,1585959819,-3.54,118.97,81.23,4.47
361,Trairi,100,83,BR,1585959558,-3.28,-39.27,80.31,7.56
362,Tokur,90,88,RU,1585959819,53.13,132.9,15.85,4.81
363,Itoman,75,94,JP,1585959819,26.12,127.67,68.0,8.05
364,Ixtapa,5,54,MX,1585959819,20.7,-105.2,78.8,9.17
365,Requena,31,93,ES,1585959819,39.49,-1.1,54.0,9.17
366,Kazanskaya,23,79,RU,1585959820,45.41,40.44,41.7,3.4
367,Bondoukou,28,72,CI,1585959820,8.03,-2.8,78.06,7.61
368,Sechelt,75,53,CA,1585959820,49.47,-123.77,48.99,5.82
369,Pontes e Lacerda,57,88,BR,1585959820,-15.23,-59.34,74.19,1.81
370,Amalāpuram,3,93,IN,1585959820,16.58,82.02,74.08,0.65
371,Pleshanovo,99,88,RU,1585959605,52.83,53.48,33.8,7.29
372,Chicama,11,70,PE,1585959820,-7.84,-79.15,75.45,6.89
373,Katsuura,72,76,JP,1585959820,35.13,140.3,63.0,4.7
374,Őcsény,1,67,HU,1585959821,46.31,18.76,43.3,5.61
375,Riachão das Neves,72,73,BR,1585959821,-11.75,-44.91,73.29,2.17
376,Tiksi,63,85,RU,1585959821,71.69,128.87,8.06,12.39
377,Tezu,78,56,IN,1585959821,27.92,96.17,66.18,5.14
378,Abu Dhabi,0,50,AE,1585959631,24.47,54.37,79.0,1.12
379,Talara,42,77,PE,1585959821,-4.58,-81.27,75.65,7.96
380,Iralaya,20,74,HN,1585959821,15.0,-83.23,80.6,5.82
381,River Falls,90,79,US,1585959822,44.86,-92.62,30.2,9.57
382,Vanimo,81,74,PG,1585959822,-2.67,141.3,82.76,5.3
383,St Albans,37,80,GB,1585960255,51.75,-0.33,45.0,5.82
384,Dwārāhāt,18,28,IN,1585960425,29.78,79.43,52.27,4.18
385,Tessalit,52,14,ML,1585960426,20.2,1.01,77.7,4.99
386,Bandarbeyla,98,71,SO,1585960427,9.49,50.81,79.43,8.43
387,Ikongo,28,81,MG,1585960428,-21.88,47.43,62.4,2.06
388,Shemonaīkha,92,77,KZ,1585960429,50.63,81.91,36.27,3.74
389,Olafsvik,100,91,IS,1585960430,64.89,-23.71,25.02,35.16
390,Alekseyevsk,100,85,RU,1585960431,57.84,108.35,39.31,8.52
391,Satka,97,80,RU,1585960433,55.04,59.04,31.75,5.3
392,Ossora,0,87,RU,1585960434,59.24,163.07,15.58,19.24
393,Porto Murtinho,9,40,BR,1585960435,-21.7,-57.88,68.49,3.89
394,Khanbari,0,20,NP,1585960436,27.37,87.2,62.11,5.03
395,Russell,40,68,US,1585960439,32.35,-85.2,73.4,4.03
396,Buchanan,75,94,LR,1585960440,5.88,-10.05,80.6,5.3
397,Ayagoz,61,57,KZ,1585960442,47.97,80.44,36.1,9.82
398,Jacqueville,88,94,CI,1585960443,5.21,-4.41,82.4,4.7
399,Linqing,53,40,CN,1585960444,36.85,115.71,53.11,19.86
400,Wukari,78,65,NG,1585960445,7.85,9.78,84.92,9.37
401,Ginda,60,25,IN,1585960446,30.69,78.49,45.41,7.14
402,Vardø,100,78,NO,1585960448,70.37,31.11,15.8,11.41
403,Murray Bridge,47,69,AU,1585960449,-35.12,139.27,62.01,11.01
404,Kerman,28,40,IR,1585960450,30.28,57.08,53.6,11.41
405,Vidim,98,80,RU,1585960451,56.41,103.11,39.33,8.52
406,Fairbanks,90,80,US,1585960252,64.84,-147.72,36.0,4.7
407,Gawler,75,55,AU,1585960453,-34.6,138.73,64.0,24.16
408,Lokosovo,15,97,RU,1585960454,61.13,74.82,27.23,9.64
409,Seminole,1,60,US,1585960455,28.71,-81.21,75.99,8.05
410,San-Pédro,94,88,CI,1585960459,4.75,-6.64,80.33,5.57
411,Kavaratti,15,74,IN,1585960462,10.57,72.64,82.56,8.57
412,Nuuk,0,61,GL,1585960465,64.18,-51.72,15.8,29.97
413,Viedma,0,32,AR,1585960466,-40.81,-63.0,67.55,19.44
414,Beringovskiy,100,96,RU,1585960467,63.05,179.32,15.01,23.51
415,Boysun,49,31,UZ,1585960471,38.21,67.2,50.94,4.52
416,Bluefield,1,30,US,1585960472,37.27,-81.22,59.0,9.17
417,Monterey,1,50,US,1585960432,36.25,-121.25,64.0,13.87
418,Mbanza-Ngungu,89,80,CD,1585960474,-5.25,14.87,70.61,2.71
419,Erdenet,20,34,MN,1585960475,49.03,104.08,38.64,3.18
420,Hobyo,60,74,SO,1585960476,5.35,48.53,81.84,12.66
421,Las Choapas,40,79,MX,1585960477,17.93,-94.08,86.0,11.41
422,Iwaki,40,100,JP,1585960479,37.05,140.88,61.0,8.05
423,Otorohanga,0,44,NZ,1585960480,-38.18,175.2,73.0,1.01
424,Calhoun,1,26,US,1585960481,42.25,-85.0,62.6,5.59
425,Jutaí,94,89,BR,1585960482,-5.18,-68.9,76.14,1.5
426,Kushima,75,67,JP,1585960483,31.46,131.23,62.6,5.82
427,Dalbandin,60,23,PK,1585960484,28.89,64.41,70.36,1.48
428,Waipawa,82,72,NZ,1585960485,-41.41,175.52,66.0,10.29
429,Mahon,0,71,ES,1585960486,39.89,4.27,50.0,6.93
430,Rantepao,100,72,ID,1585960488,-2.97,119.9,68.76,1.61
431,Businga,100,87,CD,1585960489,3.33,20.88,72.79,3.76
432,Port Macquarie,80,73,AU,1585960490,-31.43,152.92,77.0,4.7
433,Gus'-Khrustal'nyy,79,75,RU,1585960491,55.61,40.65,39.36,7.96
434,Nabire,67,77,ID,1585960392,-3.37,135.48,81.59,1.12
435,Khani,90,93,GE,1585960493,41.96,42.96,50.0,4.7
436,Baní,19,88,DO,1585960494,18.28,-70.33,80.01,3.91
437,Constitución,50,58,CL,1585960495,-35.33,-72.42,60.35,11.36
438,Salinas,1,50,US,1585960496,36.68,-121.66,64.99,13.87
439,Turaif,1,71,SA,1585960497,31.67,38.66,53.6,3.36
440,Zeya,0,86,RU,1585960439,53.75,127.27,17.65,5.41
441,Glendive,1,51,US,1585960500,47.11,-104.71,37.99,11.41
442,Prince Rupert,1,38,CA,1585960501,54.32,-130.32,39.2,5.82
443,Japura,92,96,ID,1585960502,-0.32,102.35,75.47,1.81
444,Aksu,45,36,CN,1585960503,41.12,80.26,46.38,4.65
445,Ahipara,1,62,NZ,1585960505,-35.17,173.17,69.26,7.29
446,Puttūr,40,78,IN,1585960506,12.77,75.22,82.4,2.3
447,Quesnel,1,28,CA,1585960423,53.0,-122.5,28.4,5.82
448,Umluj,58,42,SA,1585960508,25.02,37.27,74.75,8.84
449,Pamanukan,73,79,ID,1585960509,-6.28,107.81,81.18,3.33
450,Honiara,75,66,SB,1585960511,-9.43,159.95,87.8,9.17
451,Kitimat,90,27,CA,1585960512,54.05,-128.65,39.2,6.93
452,Fort-Shevchenko,3,74,KZ,1585960513,44.51,50.26,43.9,5.19
453,Santiago,5,52,CL,1585960431,-33.46,-70.65,68.0,10.29
454,Quzhou,100,87,CN,1585960262,28.96,118.87,52.12,0.76
455,Praia,20,73,CV,1585960517,14.92,-23.51,73.4,17.22
456,Winona,90,92,US,1585960251,43.97,-91.77,32.0,5.82
457,Ngawen,33,85,ID,1585960521,-7.0,111.31,78.94,2.57
458,Auki,89,80,SB,1585960522,-8.77,160.7,82.27,14.76
459,Kamenka,8,65,RU,1585960523,51.32,42.77,39.97,9.15
460,Bonthe,78,83,SL,1585960524,7.53,-12.51,82.24,7.45
461,Mount Gambier,90,87,AU,1585960269,-37.83,140.77,50.0,16.11
462,Gari,0,97,RU,1585960529,59.43,62.35,30.61,8.95
463,Khorixas,55,34,NA,1585960530,-20.37,14.97,75.54,4.85
464,Athabasca,94,88,CA,1585960531,54.72,-113.29,19.31,5.82
465,Ambilobe,49,89,MG,1585960532,-13.2,49.05,74.77,1.68
466,Mawlaik,21,48,MM,1585960533,23.63,94.42,72.77,1.28
467,Tashtagol,98,79,RU,1585960534,52.77,87.89,39.15,0.56
468,Miyako,2,65,JP,1585960535,39.64,141.95,53.2,15.08
469,Sāveh,65,34,IR,1585960536,35.02,50.36,56.66,8.34
470,Isangel,100,84,VU,1585960309,-19.55,169.27,78.94,6.58
471,Marhaura,0,67,IN,1585960539,25.97,84.87,62.6,6.31
472,Jasper,90,93,US,1585960540,37.2,-94.35,36.0,9.17
473,Grand Gaube,75,94,MU,1585960541,-20.01,57.66,75.2,3.36
474,Witu,31,82,KE,1585960542,-2.39,40.44,79.65,6.55
475,Daru,10,66,PG,1585960543,-9.08,143.21,84.25,4.21
476,Bogotol,64,96,RU,1585960544,56.21,89.53,28.06,3.09
477,Byron Bay,40,65,AU,1585960545,-28.65,153.62,82.99,10.29
478,Waingapu,49,71,ID,1585960546,-9.66,120.26,82.85,4.65
479,Menongue,100,65,AO,1585960548,-14.66,17.69,63.82,5.91
480,Anchorage,90,74,US,1585960306,61.22,-149.9,39.2,4.7
481,São Félix do Xingu,91,89,BR,1585960550,-6.64,-51.99,75.61,1.12
482,Villa Carlos Paz,3,82,AR,1585960551,-31.42,-64.5,66.0,8.05
483,Muhafazat Lahij,0,69,YE,1585960552,13.17,44.58,75.22,7.31
484,Coos Bay,20,70,US,1585960553,43.37,-124.22,51.01,8.05
485,Rosarito,5,68,MX,1585960554,32.33,-117.03,66.2,6.93
486,Togur,0,98,RU,1585960555,58.36,82.83,26.51,4.5
487,Leshukonskoye,100,94,RU,1585960557,64.9,45.76,33.67,9.75
488,Rapid Valley,1,63,US,1585960558,44.06,-103.15,34.0,13.87
489,Maumere,67,69,ID,1585960559,-8.62,122.21,83.7,2.35
490,Puerto Madryn,10,19,AR,1585960560,-42.77,-65.04,73.26,7.83
491,Austin,90,87,US,1585960127,30.27,-97.74,57.2,4.7
492,Kutum,63,14,SD,1585960562,14.2,24.67,72.39,8.66
493,Pahrump,1,15,US,1585960516,36.21,-115.98,70.0,5.7
494,Mahenge,76,77,TZ,1585960564,-8.68,36.72,63.28,2.89
495,Mana,91,85,GF,1585960565,5.66,-53.78,77.67,8.95
496,Mattru,85,85,SL,1585960566,7.62,-11.83,79.72,1.9
497,Masallātah,78,76,LY,1585960568,32.62,14.0,55.99,15.1
498,Boulder,90,48,US,1585960569,40.08,-105.35,46.4,5.82
499,Samarinda,99,91,ID,1585960570,-0.5,117.15,78.31,4.45
500,Antalaha,28,82,MG,1585960571,-14.9,50.28,77.23,14.43
501,Sekoma,78,48,BW,1585960572,-24.4,23.88,62.69,9.84
502,Peleduy,100,87,RU,1585960573,59.63,112.74,32.79,10.98
503,Fare,27,69,PF,1585960574,-16.7,-151.02,84.74,8.16
504,Saldanha,0,63,ZA,1585960578,-33.01,17.94,64.4,10.29
505,Wau,26,30,SS,1585960579,7.7,28.0,79.34,2.26
506,Cabo San Lucas,40,41,MX,1585960580,22.89,-109.91,82.99,8.05
507,Kuito,99,60,AO,1585960581,-12.38,16.93,61.09,2.04
508,Poum,51,81,NC,1585960582,-20.23,164.02,80.26,15.14
509,Jalu,13,17,LY,1585960583,29.03,21.55,79.29,23.47
510,Pingyin,82,39,CN,1585960584,36.28,116.45,54.72,12.75
511,Moyale,51,59,KE,1585960585,3.52,39.06,68.77,2.66
512,Mbigou,93,82,GA,1585960586,-1.9,11.91,71.65,3.49
513,Boguchany,39,94,RU,1585960587,58.38,97.45,29.48,6.89
514,Khovd,100,42,MN,1585960589,48.01,91.64,31.46,5.66
515,Tevaitoa,33,71,PF,1585960590,-16.78,-151.5,84.63,8.88
516,Hurghada,0,28,EG,1585960387,27.26,33.81,69.8,6.93
517,Atasū,14,70,KZ,1585960592,48.68,71.64,41.45,8.55
518,Litovko,92,77,RU,1585960593,49.24,135.17,34.34,20.33
519,Rawson,18,27,AR,1585960594,-43.3,-65.1,73.8,15.59
520,Valparaíso,12,87,CL,1585960595,-33.04,-71.63,57.2,5.12
521,Ternate,6,73,ID,1585960596,0.8,127.4,82.85,2.75
522,Oddur,85,61,SO,1585960597,4.12,43.89,76.46,14.0
523,Xianyang,80,81,CN,1585960598,34.34,108.7,55.0,2.24
524,Kolokani,0,14,ML,1585960600,13.57,-8.03,84.94,9.26
525,Srednekolymsk,64,89,RU,1585960601,67.45,153.68,-2.24,6.96
526,Kununurra,13,59,AU,1585960602,-15.77,128.73,89.6,8.05
527,Merke,11,38,KZ,1585960603,42.87,73.18,48.06,5.53
528,Sumé,90,76,BR,1585960604,-7.67,-36.88,74.32,7.2
529,Qinzhou,100,87,CN,1585960382,21.95,108.62,62.73,11.72
530,Sawākin,32,58,SD,1585960606,19.11,37.33,75.67,11.1
531,Crestview,1,49,US,1585960352,30.76,-86.57,69.8,5.82
532,Aksaray,3,49,TR,1585960608,38.37,34.03,39.0,3.56
533,Stephenville,90,86,US,1585960470,32.22,-98.2,44.6,13.87
534,Havre-St-Pierre,90,86,CA,1585960611,50.23,-63.6,30.2,8.05
535,Inuvik,20,40,CA,1585960488,68.35,-133.72,15.8,4.7
536,Palmer,90,76,US,1585960613,42.16,-72.33,48.99,13.87
537,Madingou,87,87,CG,1585960614,-4.15,13.55,75.87,0.18
538,Bonnyville,75,34,CA,1585960555,54.27,-110.73,21.2,3.78
539,Djibouti,75,78,DJ,1585960616,11.5,42.5,82.4,5.82
540,Xai-Xai,100,89,MZ,1585960617,-25.05,33.64,70.43,6.49
541,Dubbo,40,63,AU,1585960340,-32.25,148.62,64.4,21.92
542,Mīzan Teferī,95,55,ET,1585960619,6.98,35.58,65.28,3.31
543,Chimbote,2,79,PE,1585960621,-9.09,-78.58,73.29,7.61
544,Kroya,90,81,ID,1585960622,-7.63,109.25,80.42,2.44
545,Turangi,0,38,NZ,1585960623,-39.0,175.93,65.32,4.0
546,Quatre Cocos,75,94,MU,1585960624,-20.21,57.76,75.2,3.36
547,Daman,0,65,IN,1585960625,20.42,72.85,77.56,2.59
548,Tisul',53,95,RU,1585960626,55.76,88.31,29.66,2.28
549,Banda Aceh,97,83,ID,1585960627,5.56,95.32,80.15,7.78
550,Barhi,32,17,IN,1585960628,23.9,80.8,74.48,2.71
551,Burnie,100,70,AU,1585960629,-41.07,145.92,61.0,14.0
552,Shitkino,100,82,RU,1585960630,56.37,98.35,36.3,7.36
